product,exchange,listed_contracts,earliest_contract,open_date,days_listed,coverage_tier
"sc","INE",20,"sc2612","2023-12-01",1043,"≥2y"
"bu","SHFE",16,"bu2612","2024-12-17",661,"≥1y"
"au","SHFE",8,"au2610","2025-09-16",388,"≥1y"
"ZC","CZCE",12,"ZC610","2025-10-16",358,"<1y"
"ad","SHFE",12,"ad2610","2025-10-16",358,"<1y"
"ag","SHFE",12,"ag2610","2025-10-16",358,"<1y"
"al","SHFE",12,"al2610","2025-10-16",358,"<1y"
"ao","SHFE",12,"ao2610","2025-10-16",358,"<1y"
"bc","INE",12,"bc2610","2025-10-16",358,"<1y"
"br","SHFE",12,"br2610","2025-10-16",358,"<1y"
"cu","SHFE",12,"cu2610","2025-10-16",358,"<1y"
"hc","SHFE",12,"hc2610","2025-10-16",358,"<1y"
"ni","SHFE",12,"ni2610","2025-10-16",358,"<1y"
"nr","INE",12,"nr2610","2025-10-16",358,"<1y"
"op","SHFE",12,"op2610","2025-10-16",358,"<1y"
"pb","SHFE",12,"pb2610","2025-10-16",358,"<1y"
"rb","SHFE",12,"rb2610","2025-10-16",358,"<1y"
"ru","SHFE",10,"ru2610","2025-10-16",358,"<1y"
"sn","SHFE",12,"sn2610","2025-10-16",358,"<1y"
"sp","SHFE",12,"sp2610","2025-10-16",358,"<1y"
"ss","SHFE",12,"ss2610","2025-10-16",358,"<1y"
"wr","SHFE",12,"wr2610","2025-10-16",358,"<1y"
"zn","SHFE",12,"zn2610","2025-10-16",358,"<1y"
"AP","CZCE",7,"AP610","2025-10-23",351,"<1y"
"CY","CZCE",12,"CY610","2025-10-23",351,"<1y"
"FG","CZCE",12,"FG610","2025-10-23",351,"<1y"
"MA","CZCE",12,"MA610","2025-10-23",351,"<1y"
"PF","CZCE",12,"PF610","2025-10-23",351,"<1y"
"PK","CZCE",7,"PK610","2025-10-23",351,"<1y"
"PL","CZCE",12,"PL610","2025-10-23",351,"<1y"
"PR","CZCE",12,"PR610","2025-10-23",351,"<1y"
"PX","CZCE",12,"PX610","2025-10-23",351,"<1y"
"SA","CZCE",12,"SA610","2025-10-23",351,"<1y"
"SF","CZCE",12,"SF610","2025-10-23",351,"<1y"
"SH","CZCE",12,"SH610","2025-10-23",351,"<1y"
"SM","CZCE",12,"SM610","2025-10-23",351,"<1y"
"TA","CZCE",12,"TA610","2025-10-23",351,"<1y"
"UR","CZCE",12,"UR610","2025-10-23",351,"<1y"
"b","DCE",12,"b2610","2025-10-23",351,"<1y"
"fb","DCE",12,"fb2610","2025-10-23",351,"<1y"
"i","DCE",12,"i2610","2025-10-23",351,"<1y"
"j","DCE",12,"j2610","2025-10-23",351,"<1y"
"jm","DCE",12,"jm2610","2025-10-23",351,"<1y"
"l","DCE",12,"l2610","2025-10-23",351,"<1y"
"lc","GFEX",12,"lc2610","2025-10-23",351,"<1y"
"p","DCE",12,"p2610","2025-10-23",351,"<1y"
"pp","DCE",12,"pp2610","2025-10-23",351,"<1y"
"ps","GFEX",12,"ps2610","2025-10-23",351,"<1y"
"rr","DCE",12,"rr2610","2025-10-23",351,"<1y"
"si","GFEX",12,"si2610","2025-10-23",351,"<1y"
"v","DCE",12,"v2610","2025-10-23",351,"<1y"
"ec","INE",7,"ec2610","2025-10-28",346,"<1y"
"bz","DCE",12,"bz2610","2025-10-29",345,"<1y"
"eb","DCE",12,"eb2610","2025-10-29",345,"<1y"
"eg","DCE",12,"eg2610","2025-10-29",345,"<1y"
"jd","DCE",12,"jd2610","2025-10-29",345,"<1y"
"pg","DCE",12,"pg2610","2025-10-29",345,"<1y"
"fu","SHFE",12,"fu2611","2025-11-03",340,"<1y"
"lu","INE",12,"lu2611","2025-11-03",340,"<1y"
"CF","CZCE",6,"CF611","2025-11-17",326,"<1y"
"JR","CZCE",6,"JR611","2025-11-17",326,"<1y"
"OI","CZCE",6,"OI611","2025-11-17",326,"<1y"
"PM","CZCE",6,"PM611","2025-11-17",326,"<1y"
"RI","CZCE",6,"RI611","2025-11-17",326,"<1y"
"RM","CZCE",7,"RM611","2025-11-17",326,"<1y"
"RS","CZCE",6,"RS611","2025-11-17",326,"<1y"
"SR","CZCE",6,"SR611","2025-11-17",326,"<1y"
"WH","CZCE",6,"WH611","2025-11-17",326,"<1y"
"a","DCE",6,"a2611","2025-11-17",326,"<1y"
"bb","DCE",6,"bb2611","2025-11-17",326,"<1y"
"c","DCE",6,"c2611","2025-11-17",326,"<1y"
"cs","DCE",6,"cs2611","2025-11-17",326,"<1y"
"m","DCE",8,"m2611","2025-11-17",326,"<1y"
"y","DCE",8,"y2611","2025-11-17",326,"<1y"
"lg","DCE",6,"lg2611","2025-11-26",317,"<1y"
"lh","DCE",6,"lh2611","2025-11-26",317,"<1y"
"pd","GFEX",6,"pd2610","2025-11-27",316,"<1y"
"pt","GFEX",6,"pt2610","2025-11-27",316,"<1y"
"CJ","CZCE",6,"CJ612","2025-12-15",298,"<1y"
"T","CFFEX",3,"T2612","2026-03-16",207,"<1y"
"TF","CFFEX",3,"TF2612","2026-03-16",207,"<1y"
"TL","CFFEX",3,"TL2612","2026-03-16",207,"<1y"
"TS","CFFEX",3,"TS2612","2026-03-16",207,"<1y"
"IC","CFFEX",4,"IC2612","2026-04-20",172,"<1y"
"IF","CFFEX",4,"IF2612","2026-04-20",172,"<1y"
"IH","CFFEX",4,"IH2612","2026-04-20",172,"<1y"
"IM","CFFEX",4,"IM2612","2026-04-20",172,"<1y"
"l_f","DCE",6,"l2611F","2026-05-06",156,"<1y"
"pp_f","DCE",6,"pp2611F","2026-05-06",156,"<1y"
"v_f","DCE",6,"v2611F","2026-05-06",156,"<1y"
