exchange,product,instrument,name,open_date,expire_date,volume_multiple
"CFFEX","IC","IC2612","中证500期货2612","2026-04-20","2026-12-18",200
"CFFEX","IC","IC2703","中证500期货2703","2026-07-20","2027-03-19",200
"CFFEX","IC","IC2610","中证500期货2610","2026-08-24","2026-10-16",200
"CFFEX","IC","IC2611","中证500期货2611","2026-09-21","2026-11-20",200
"CFFEX","IF","IF2612","股指2612","2026-04-20","2026-12-18",300
"CFFEX","IF","IF2703","股指2703","2026-07-20","2027-03-19",300
"CFFEX","IF","IF2610","股指2610","2026-08-24","2026-10-16",300
"CFFEX","IF","IF2611","股指2611","2026-09-21","2026-11-20",300
"CFFEX","IH","IH2612","上证50期货2612","2026-04-20","2026-12-18",300
"CFFEX","IH","IH2703","上证50期货2703","2026-07-20","2027-03-19",300
"CFFEX","IH","IH2610","上证50期货2610","2026-08-24","2026-10-16",300
"CFFEX","IH","IH2611","上证50期货2611","2026-09-21","2026-11-20",300
"CFFEX","IM","IM2612","中证1000股指期货2612","2026-04-20","2026-12-18",200
"CFFEX","IM","IM2703","中证1000股指期货2703","2026-07-20","2027-03-19",200
"CFFEX","IM","IM2610","中证1000股指期货2610","2026-08-24","2026-10-16",200
"CFFEX","IM","IM2611","中证1000股指期货2611","2026-09-21","2026-11-20",200
"CFFEX","T","T2612","长期国债2612","2026-03-16","2026-12-11",10000
"CFFEX","T","T2703","长期国债2703","2026-06-15","2027-03-12",10000
"CFFEX","T","T2706","长期国债2706","2026-09-14","2027-06-11",10000
"CFFEX","TF","TF2612","国债2612","2026-03-16","2026-12-11",10000
"CFFEX","TF","TF2703","国债2703","2026-06-15","2027-03-12",10000
"CFFEX","TF","TF2706","国债2706","2026-09-14","2027-06-11",10000
"CFFEX","TL","TL2612","30年期国债期货2612","2026-03-16","2026-12-11",10000
"CFFEX","TL","TL2703","30年期国债期货2703","2026-06-15","2027-03-12",10000
"CFFEX","TL","TL2706","30年期国债期货2706","2026-09-14","2027-06-11",10000
"CFFEX","TS","TS2612","2年期国债期货2612","2026-03-16","2026-12-11",20000
"CFFEX","TS","TS2703","2年期国债期货2703","2026-06-15","2027-03-12",20000
"CFFEX","TS","TS2706","2年期国债期货2706","2026-09-14","2027-06-11",20000
"CZCE","AP","AP610","AP610","2025-10-23","2026-10-21",10
"CZCE","AP","AP611","AP611","2025-11-17","2026-11-13",10
"CZCE","AP","AP612","AP612","2025-12-15","2026-12-14",10
"CZCE","AP","AP701","AP701","2026-01-19","2027-01-14",10
"CZCE","AP","AP703","AP703","2026-03-16","2027-03-12",10
"CZCE","AP","AP704","AP704","2026-04-16","2027-04-14",10
"CZCE","AP","AP705","AP705","2026-05-20","2027-05-14",10
"CZCE","CF","CF611","CF611","2025-11-17","2026-11-13",5
"CZCE","CF","CF701","CF701","2026-01-19","2027-01-14",5
"CZCE","CF","CF703","CF703","2026-03-16","2027-03-12",5
"CZCE","CF","CF705","CF705","2026-05-20","2027-05-14",5
"CZCE","CF","CF707","CF707","2026-07-15","2027-07-14",5
"CZCE","CF","CF709","CF709","2026-09-15","2027-09-14",5
"CZCE","CJ","CJ612","CJ612","2025-12-15","2026-12-14",5
"CZCE","CJ","CJ701","CJ701","2026-01-19","2027-01-14",5
"CZCE","CJ","CJ703","CJ703","2026-03-16","2027-03-12",5
"CZCE","CJ","CJ705","CJ705","2026-05-20","2027-05-14",5
"CZCE","CJ","CJ707","CJ707","2026-07-15","2027-07-14",5
"CZCE","CJ","CJ709","CJ709","2026-09-15","2027-09-14",5
"CZCE","CY","CY610","CY610","2025-10-23","2026-10-21",5
"CZCE","CY","CY611","CY611","2025-11-17","2026-11-13",5
"CZCE","CY","CY612","CY612","2025-12-15","2026-12-14",5
"CZCE","CY","CY701","CY701","2026-01-19","2027-01-14",5
"CZCE","CY","CY702","CY702","2026-02-24","2027-02-12",5
"CZCE","CY","CY703","CY703","2026-03-16","2027-03-12",5
"CZCE","CY","CY704","CY704","2026-04-16","2027-04-14",5
"CZCE","CY","CY705","CY705","2026-05-20","2027-05-14",5
"CZCE","CY","CY706","CY706","2026-06-15","2027-06-14",5
"CZCE","CY","CY707","CY707","2026-07-15","2027-07-14",5
"CZCE","CY","CY708","CY708","2026-08-17","2027-08-13",5
"CZCE","CY","CY709","CY709","2026-09-15","2027-09-14",5
"CZCE","FG","FG610","FG610","2025-10-23","2026-10-21",20
"CZCE","FG","FG611","FG611","2025-11-17","2026-11-13",20
"CZCE","FG","FG612","FG612","2025-12-15","2026-12-14",20
"CZCE","FG","FG701","FG701","2026-01-19","2027-01-14",20
"CZCE","FG","FG702","FG702","2026-02-24","2027-02-12",20
"CZCE","FG","FG703","FG703","2026-03-16","2027-03-12",20
"CZCE","FG","FG704","FG704","2026-04-16","2027-04-14",20
"CZCE","FG","FG705","FG705","2026-05-20","2027-05-14",20
"CZCE","FG","FG706","FG706","2026-06-15","2027-06-14",20
"CZCE","FG","FG707","FG707","2026-07-15","2027-07-14",20
"CZCE","FG","FG708","FG708","2026-08-17","2027-08-13",20
"CZCE","FG","FG709","FG709","2026-09-15","2027-09-14",20
"CZCE","JR","JR611","JR611","2025-11-17","2026-11-13",20
"CZCE","JR","JR701","JR701","2026-01-19","2027-01-14",20
"CZCE","JR","JR703","JR703","2026-03-16","2027-03-12",20
"CZCE","JR","JR705","JR705","2026-05-20","2027-05-14",20
"CZCE","JR","JR707","JR707","2026-07-15","2027-07-14",20
"CZCE","JR","JR709","JR709","2026-09-15","2027-09-14",20
"CZCE","MA","MA610","MA610","2025-10-23","2026-10-21",10
"CZCE","MA","MA611","MA611","2025-11-17","2026-11-13",10
"CZCE","MA","MA612","MA612","2025-12-15","2026-12-14",10
"CZCE","MA","MA701","MA701","2026-01-19","2027-01-14",10
"CZCE","MA","MA702","MA702","2026-02-24","2027-02-12",10
"CZCE","MA","MA703","MA703","2026-03-16","2027-03-12",10
"CZCE","MA","MA704","MA704","2026-04-16","2027-04-14",10
"CZCE","MA","MA705","MA705","2026-05-20","2027-05-14",10
"CZCE","MA","MA706","MA706","2026-06-15","2027-06-14",10
"CZCE","MA","MA707","MA707","2026-07-15","2027-07-14",10
"CZCE","MA","MA708","MA708","2026-08-17","2027-08-13",10
"CZCE","MA","MA709","MA709","2026-09-15","2027-09-14",10
"CZCE","OI","OI611","OI611","2025-11-17","2026-11-13",10
"CZCE","OI","OI701","OI701","2026-01-19","2027-01-14",10
"CZCE","OI","OI703","OI703","2026-03-16","2027-03-12",10
"CZCE","OI","OI705","OI705","2026-05-20","2027-05-14",10
"CZCE","OI","OI707","OI707","2026-07-15","2027-07-14",10
"CZCE","OI","OI709","OI709","2026-09-15","2027-09-14",10
"CZCE","PF","PF610","PF610","2025-10-23","2026-10-21",5
"CZCE","PF","PF611","PF611","2025-11-17","2026-11-13",5
"CZCE","PF","PF612","PF612","2025-12-15","2026-12-14",5
"CZCE","PF","PF701","PF701","2026-01-19","2027-01-14",5
"CZCE","PF","PF702","PF702","2026-02-24","2027-02-12",5
"CZCE","PF","PF703","PF703","2026-03-16","2027-03-12",5
"CZCE","PF","PF704","PF704","2026-04-16","2027-04-14",5
"CZCE","PF","PF705","PF705","2026-05-20","2027-05-14",5
"CZCE","PF","PF706","PF706","2026-06-15","2027-06-14",5
"CZCE","PF","PF707","PF707","2026-07-15","2027-07-14",5
"CZCE","PF","PF708","PF708","2026-08-17","2027-08-13",5
"CZCE","PF","PF709","PF709","2026-09-15","2027-09-14",5
"CZCE","PK","PK610","PK610","2025-10-23","2026-10-21",5
"CZCE","PK","PK611","PK611","2025-11-17","2026-11-13",5
"CZCE","PK","PK612","PK612","2025-12-15","2026-12-14",5
"CZCE","PK","PK701","PK701","2026-01-19","2027-01-14",5
"CZCE","PK","PK703","PK703","2026-03-16","2027-03-12",5
"CZCE","PK","PK704","PK704","2026-04-16","2027-04-14",5
"CZCE","PK","PK705","PK705","2026-05-20","2027-05-14",5
"CZCE","PL","PL610","PL610","2025-10-23","2026-10-21",20
"CZCE","PL","PL611","PL611","2025-11-17","2026-11-13",20
"CZCE","PL","PL612","PL612","2025-12-15","2026-12-14",20
"CZCE","PL","PL701","PL701","2026-01-19","2027-01-14",20
"CZCE","PL","PL702","PL702","2026-02-24","2027-02-12",20
"CZCE","PL","PL703","PL703","2026-03-16","2027-03-12",20
"CZCE","PL","PL704","PL704","2026-04-16","2027-04-14",20
"CZCE","PL","PL705","PL705","2026-05-20","2027-05-14",20
"CZCE","PL","PL706","PL706","2026-06-15","2027-06-14",20
"CZCE","PL","PL707","PL707","2026-07-15","2027-07-14",20
"CZCE","PL","PL708","PL708","2026-08-17","2027-08-13",20
"CZCE","PL","PL709","PL709","2026-09-15","2027-09-14",20
"CZCE","PM","PM611","PM611","2025-11-17","2026-11-13",50
"CZCE","PM","PM701","PM701","2026-01-19","2027-01-14",50
"CZCE","PM","PM703","PM703","2026-03-16","2027-03-12",50
"CZCE","PM","PM705","PM705","2026-05-20","2027-05-14",50
"CZCE","PM","PM707","PM707","2026-07-15","2027-07-14",50
"CZCE","PM","PM709","PM709","2026-09-15","2027-09-14",50
"CZCE","PR","PR610","PR610","2025-10-23","2026-10-21",15
"CZCE","PR","PR611","PR611","2025-11-17","2026-11-13",15
"CZCE","PR","PR612","PR612","2025-12-15","2026-12-14",15
"CZCE","PR","PR701","PR701","2026-01-19","2027-01-14",15
"CZCE","PR","PR702","PR702","2026-02-24","2027-02-12",15
"CZCE","PR","PR703","PR703","2026-03-16","2027-03-12",15
"CZCE","PR","PR704","PR704","2026-04-16","2027-04-14",15
"CZCE","PR","PR705","PR705","2026-05-20","2027-05-14",15
"CZCE","PR","PR706","PR706","2026-06-15","2027-06-14",15
"CZCE","PR","PR707","PR707","2026-07-15","2027-07-14",15
"CZCE","PR","PR708","PR708","2026-08-17","2027-08-13",15
"CZCE","PR","PR709","PR709","2026-09-15","2027-09-14",15
"CZCE","PX","PX610","PX610","2025-10-23","2026-10-21",5
"CZCE","PX","PX611","PX611","2025-11-17","2026-11-13",5
"CZCE","PX","PX612","PX612","2025-12-15","2026-12-14",5
"CZCE","PX","PX701","PX701","2026-01-19","2027-01-14",5
"CZCE","PX","PX702","PX702","2026-02-24","2027-02-12",5
"CZCE","PX","PX703","PX703","2026-03-16","2027-03-12",5
"CZCE","PX","PX704","PX704","2026-04-16","2027-04-14",5
"CZCE","PX","PX705","PX705","2026-05-20","2027-05-14",5
"CZCE","PX","PX706","PX706","2026-06-15","2027-06-14",5
"CZCE","PX","PX707","PX707","2026-07-15","2027-07-14",5
"CZCE","PX","PX708","PX708","2026-08-17","2027-08-13",5
"CZCE","PX","PX709","PX709","2026-09-15","2027-09-14",5
"CZCE","RI","RI611","RI611","2025-11-17","2026-11-13",20
"CZCE","RI","RI701","RI701","2026-01-19","2027-01-14",20
"CZCE","RI","RI703","RI703","2026-03-16","2027-03-12",20
"CZCE","RI","RI705","RI705","2026-05-20","2027-05-14",20
"CZCE","RI","RI707","RI707","2026-07-15","2027-07-14",20
"CZCE","RI","RI709","RI709","2026-09-15","2027-09-14",20
"CZCE","RM","RM611","RM611","2025-11-17","2026-11-13",10
"CZCE","RM","RM701","RM701","2026-01-19","2027-01-14",10
"CZCE","RM","RM703","RM703","2026-03-16","2027-03-12",10
"CZCE","RM","RM705","RM705","2026-05-20","2027-05-14",10
"CZCE","RM","RM707","RM707","2026-07-15","2027-07-14",10
"CZCE","RM","RM708","RM708","2026-08-17","2027-08-13",10
"CZCE","RM","RM709","RM709","2026-09-15","2027-09-14",10
"CZCE","RS","RS611","RS611","2025-11-17","2026-11-13",10
"CZCE","RS","RS701","RS701","2026-09-16","2027-01-14",10
"CZCE","RS","RS703","RS703","2026-09-16","2027-03-12",10
"CZCE","RS","RS706","RS706","2026-09-16","2027-06-14",10
"CZCE","RS","RS707","RS707","2026-09-16","2027-07-14",10
"CZCE","RS","RS709","RS709","2026-09-16","2027-09-14",10
"CZCE","SA","SA610","SA610","2025-10-23","2026-10-21",20
"CZCE","SA","SA611","SA611","2025-11-17","2026-11-13",20
"CZCE","SA","SA612","SA612","2025-12-15","2026-12-14",20
"CZCE","SA","SA701","SA701","2026-01-19","2027-01-14",20
"CZCE","SA","SA702","SA702","2026-02-24","2027-02-12",20
"CZCE","SA","SA703","SA703","2026-03-16","2027-03-12",20
"CZCE","SA","SA704","SA704","2026-04-16","2027-04-14",20
"CZCE","SA","SA705","SA705","2026-05-20","2027-05-14",20
"CZCE","SA","SA706","SA706","2026-06-15","2027-06-14",20
"CZCE","SA","SA707","SA707","2026-07-15","2027-07-14",20
"CZCE","SA","SA708","SA708","2026-08-17","2027-08-13",20
"CZCE","SA","SA709","SA709","2026-09-15","2027-09-14",20
"CZCE","SF","SF610","SF610","2025-10-23","2026-10-21",5
"CZCE","SF","SF611","SF611","2025-11-17","2026-11-13",5
"CZCE","SF","SF612","SF612","2025-12-15","2026-12-14",5
"CZCE","SF","SF701","SF701","2026-01-19","2027-01-14",5
"CZCE","SF","SF702","SF702","2026-02-24","2027-02-12",5
"CZCE","SF","SF703","SF703","2026-03-16","2027-03-12",5
"CZCE","SF","SF704","SF704","2026-04-16","2027-04-14",5
"CZCE","SF","SF705","SF705","2026-05-20","2027-05-14",5
"CZCE","SF","SF706","SF706","2026-06-15","2027-06-14",5
"CZCE","SF","SF707","SF707","2026-07-15","2027-07-14",5
"CZCE","SF","SF708","SF708","2026-08-17","2027-08-13",5
"CZCE","SF","SF709","SF709","2026-09-15","2027-09-14",5
"CZCE","SH","SH610","SH610","2025-10-23","2026-10-21",30
"CZCE","SH","SH611","SH611","2025-11-17","2026-11-13",30
"CZCE","SH","SH612","SH612","2025-12-15","2026-12-14",30
"CZCE","SH","SH701","SH701","2026-01-19","2027-01-14",30
"CZCE","SH","SH702","SH702","2026-02-24","2027-02-12",30
"CZCE","SH","SH703","SH703","2026-03-16","2027-03-12",30
"CZCE","SH","SH704","SH704","2026-04-16","2027-04-14",30
"CZCE","SH","SH705","SH705","2026-05-20","2027-05-14",30
"CZCE","SH","SH706","SH706","2026-06-15","2027-06-14",30
"CZCE","SH","SH707","SH707","2026-07-15","2027-07-14",30
"CZCE","SH","SH708","SH708","2026-08-17","2027-08-13",30
"CZCE","SH","SH709","SH709","2026-09-15","2027-09-14",30
"CZCE","SM","SM610","SM610","2025-10-23","2026-10-21",5
"CZCE","SM","SM611","SM611","2025-11-17","2026-11-13",5
"CZCE","SM","SM612","SM612","2025-12-15","2026-12-14",5
"CZCE","SM","SM701","SM701","2026-01-19","2027-01-14",5
"CZCE","SM","SM702","SM702","2026-02-24","2027-02-12",5
"CZCE","SM","SM703","SM703","2026-03-16","2027-03-12",5
"CZCE","SM","SM704","SM704","2026-04-16","2027-04-14",5
"CZCE","SM","SM705","SM705","2026-05-20","2027-05-14",5
"CZCE","SM","SM706","SM706","2026-06-15","2027-06-14",5
"CZCE","SM","SM707","SM707","2026-07-15","2027-07-14",5
"CZCE","SM","SM708","SM708","2026-08-17","2027-08-13",5
"CZCE","SM","SM709","SM709","2026-09-15","2027-09-14",5
"CZCE","SR","SR611","SR611","2025-11-17","2026-11-13",10
"CZCE","SR","SR701","SR701","2026-01-19","2027-01-14",10
"CZCE","SR","SR703","SR703","2026-03-16","2027-03-12",10
"CZCE","SR","SR705","SR705","2026-05-20","2027-05-14",10
"CZCE","SR","SR707","SR707","2026-07-15","2027-07-14",10
"CZCE","SR","SR709","SR709","2026-09-15","2027-09-14",10
"CZCE","TA","TA610","TA610","2025-10-23","2026-10-21",5
"CZCE","TA","TA611","TA611","2025-11-17","2026-11-13",5
"CZCE","TA","TA612","TA612","2025-12-15","2026-12-14",5
"CZCE","TA","TA701","TA701","2026-01-19","2027-01-14",5
"CZCE","TA","TA702","TA702","2026-02-24","2027-02-12",5
"CZCE","TA","TA703","TA703","2026-03-16","2027-03-12",5
"CZCE","TA","TA704","TA704","2026-04-16","2027-04-14",5
"CZCE","TA","TA705","TA705","2026-05-20","2027-05-14",5
"CZCE","TA","TA706","TA706","2026-06-15","2027-06-14",5
"CZCE","TA","TA707","TA707","2026-07-15","2027-07-14",5
"CZCE","TA","TA708","TA708","2026-08-17","2027-08-13",5
"CZCE","TA","TA709","TA709","2026-09-15","2027-09-14",5
"CZCE","UR","UR610","UR610","2025-10-23","2026-10-21",20
"CZCE","UR","UR611","UR611","2025-11-17","2026-11-13",20
"CZCE","UR","UR612","UR612","2025-12-15","2026-12-14",20
"CZCE","UR","UR701","UR701","2026-01-19","2027-01-14",20
"CZCE","UR","UR702","UR702","2026-02-24","2027-02-12",20
"CZCE","UR","UR703","UR703","2026-03-16","2027-03-12",20
"CZCE","UR","UR704","UR704","2026-04-16","2027-04-14",20
"CZCE","UR","UR705","UR705","2026-05-20","2027-05-14",20
"CZCE","UR","UR706","UR706","2026-06-15","2027-06-14",20
"CZCE","UR","UR707","UR707","2026-07-15","2027-07-14",20
"CZCE","UR","UR708","UR708","2026-08-17","2027-08-13",20
"CZCE","UR","UR709","UR709","2026-09-15","2027-09-14",20
"CZCE","WH","WH611","WH611","2025-11-17","2026-11-13",20
"CZCE","WH","WH701","WH701","2026-01-19","2027-01-14",20
"CZCE","WH","WH703","WH703","2026-03-16","2027-03-12",20
"CZCE","WH","WH705","WH705","2026-05-20","2027-05-14",20
"CZCE","WH","WH707","WH707","2026-07-15","2027-07-14",20
"CZCE","WH","WH709","WH709","2026-09-15","2027-09-14",20
"CZCE","ZC","ZC610","ZC610","2025-10-16","2026-10-14",100
"CZCE","ZC","ZC611","ZC611","2025-11-10","2026-11-06",100
"CZCE","ZC","ZC612","ZC612","2025-12-08","2026-12-07",100
"CZCE","ZC","ZC701","ZC701","2026-01-12","2027-01-07",100
"CZCE","ZC","ZC702","ZC702","2026-02-09","2027-02-05",100
"CZCE","ZC","ZC703","ZC703","2026-03-09","2027-03-05",100
"CZCE","ZC","ZC704","ZC704","2026-04-09","2027-04-07",100
"CZCE","ZC","ZC705","ZC705","2026-05-13","2027-05-07",100
"CZCE","ZC","ZC706","ZC706","2026-06-08","2027-06-07",100
"CZCE","ZC","ZC707","ZC707","2026-07-08","2027-07-07",100
"CZCE","ZC","ZC708","ZC708","2026-08-10","2027-08-06",100
"CZCE","ZC","ZC709","ZC709","2026-09-08","2027-09-07",100
"DCE","a","a2611","豆一2611","2025-11-17","2026-11-13",10
"DCE","a","a2701","豆一2701","2026-01-19","2027-01-15",10
"DCE","a","a2703","豆一2703","2026-03-16","2027-03-12",10
"DCE","a","a2705","豆一2705","2026-05-20","2027-05-19",10
"DCE","a","a2707","豆一2707","2026-07-15","2027-07-14",10
"DCE","a","a2709","豆一2709","2026-09-15","2027-09-14",10
"DCE","b","b2610","豆二2610","2025-10-23","2026-10-21",10
"DCE","b","b2611","豆二2611","2025-11-17","2026-11-13",10
"DCE","b","b2612","豆二2612","2025-12-15","2026-12-14",10
"DCE","b","b2701","豆二2701","2026-01-19","2027-01-15",10
"DCE","b","b2702","豆二2702","2026-02-24","2027-02-12",10
"DCE","b","b2703","豆二2703","2026-03-16","2027-03-12",10
"DCE","b","b2704","豆二2704","2026-04-16","2027-04-16",10
"DCE","b","b2705","豆二2705","2026-05-20","2027-05-19",10
"DCE","b","b2706","豆二2706","2026-06-15","2027-06-14",10
"DCE","b","b2707","豆二2707","2026-07-15","2027-07-14",10
"DCE","b","b2708","豆二2708","2026-08-17","2027-08-13",10
"DCE","b","b2709","豆二2709","2026-09-15","2027-09-14",10
"DCE","bb","bb2611","胶合板2611","2025-11-17","2026-11-13",500
"DCE","bb","bb2701","胶合板2701","2026-01-19","2027-01-15",500
"DCE","bb","bb2703","胶合板2703","2026-03-16","2027-03-12",500
"DCE","bb","bb2705","胶合板2705","2026-05-20","2027-05-19",500
"DCE","bb","bb2707","胶合板2707","2026-07-15","2027-07-14",500
"DCE","bb","bb2709","胶合板2709","2026-09-15","2027-09-14",500
"DCE","bz","bz2609","纯苯2609","2025-09-26","2026-09-24",30
"DCE","bz","bz2610","纯苯2610","2025-10-29","2026-10-27",30
"DCE","bz","bz2611","纯苯2611","2025-11-26","2026-11-25",30
"DCE","bz","bz2612","纯苯2612","2025-12-29","2026-12-28",30
"DCE","bz","bz2701","纯苯2701","2026-01-28","2027-01-26",30
"DCE","bz","bz2702","纯苯2702","2026-02-25","2027-02-12",30
"DCE","bz","bz2703","纯苯2703","2026-03-27","2027-03-26",30
"DCE","bz","bz2704","纯苯2704","2026-04-28","2027-04-27",30
"DCE","bz","bz2705","纯苯2705","2026-05-27","2027-05-26",30
"DCE","bz","bz2706","纯苯2706","2026-06-26","2027-06-25",30
"DCE","bz","bz2707","纯苯2707","2026-07-29","2027-07-27",30
"DCE","bz","bz2708","纯苯2708","2026-08-27","2027-08-26",30
"DCE","bz","bz2709","纯苯2709","2026-09-28","2027-09-24",30
"DCE","c","c2611","玉米2611","2025-11-17","2026-11-13",10
"DCE","c","c2701","玉米2701","2026-01-19","2027-01-15",10
"DCE","c","c2703","玉米2703","2026-03-16","2027-03-12",10
"DCE","c","c2705","玉米2705","2026-05-20","2027-05-19",10
"DCE","c","c2707","玉米2707","2026-07-15","2027-07-14",10
"DCE","c","c2709","玉米2709","2026-09-15","2027-09-14",10
"DCE","cs","cs2611","玉米淀粉2611","2025-11-17","2026-11-13",10
"DCE","cs","cs2701","玉米淀粉2701","2026-01-19","2027-01-15",10
"DCE","cs","cs2703","玉米淀粉2703","2026-03-16","2027-03-12",10
"DCE","cs","cs2705","玉米淀粉2705","2026-05-20","2027-05-19",10
"DCE","cs","cs2707","玉米淀粉2707","2026-07-15","2027-07-14",10
"DCE","cs","cs2709","玉米淀粉2709","2026-09-15","2027-09-14",10
"DCE","eb","eb2609","苯乙烯2609","2025-09-26","2026-09-24",5
"DCE","eb","eb2610","苯乙烯2610","2025-10-29","2026-10-27",5
"DCE","eb","eb2611","苯乙烯2611","2025-11-26","2026-11-25",5
"DCE","eb","eb2612","苯乙烯2612","2025-12-29","2026-12-28",5
"DCE","eb","eb2701","苯乙烯2701","2026-01-28","2027-01-26",5
"DCE","eb","eb2702","苯乙烯2702","2026-02-25","2027-02-12",5
"DCE","eb","eb2703","苯乙烯2703","2026-03-27","2027-03-26",5
"DCE","eb","eb2704","苯乙烯2704","2026-04-28","2027-04-27",5
"DCE","eb","eb2705","苯乙烯2705","2026-05-27","2027-05-26",5
"DCE","eb","eb2706","苯乙烯2706","2026-06-26","2027-06-25",5
"DCE","eb","eb2707","苯乙烯2707","2026-07-29","2027-07-27",5
"DCE","eb","eb2708","苯乙烯2708","2026-08-27","2027-08-26",5
"DCE","eb","eb2709","苯乙烯2709","2026-09-28","2027-09-24",5
"DCE","eg","eg2609","乙二醇2609","2025-09-26","2026-09-24",10
"DCE","eg","eg2610","乙二醇2610","2025-10-29","2026-10-27",10
"DCE","eg","eg2611","乙二醇2611","2025-11-26","2026-11-25",10
"DCE","eg","eg2612","乙二醇2612","2025-12-29","2026-12-28",10
"DCE","eg","eg2701","乙二醇2701","2026-01-28","2027-01-26",10
"DCE","eg","eg2702","乙二醇2702","2026-02-25","2027-02-12",10
"DCE","eg","eg2703","乙二醇2703","2026-03-27","2027-03-26",10
"DCE","eg","eg2704","乙二醇2704","2026-04-28","2027-04-27",10
"DCE","eg","eg2705","乙二醇2705","2026-05-27","2027-05-26",10
"DCE","eg","eg2706","乙二醇2706","2026-06-26","2027-06-25",10
"DCE","eg","eg2707","乙二醇2707","2026-07-29","2027-07-27",10
"DCE","eg","eg2708","乙二醇2708","2026-08-27","2027-08-26",10
"DCE","eg","eg2709","乙二醇2709","2026-09-28","2027-09-24",10
"DCE","fb","fb2610","纤维板2610","2025-10-23","2026-10-21",10
"DCE","fb","fb2611","纤维板2611","2025-11-17","2026-11-13",10
"DCE","fb","fb2612","纤维板2612","2025-12-15","2026-12-14",10
"DCE","fb","fb2701","纤维板2701","2026-01-19","2027-01-15",10
"DCE","fb","fb2702","纤维板2702","2026-02-24","2027-02-12",10
"DCE","fb","fb2703","纤维板2703","2026-03-16","2027-03-12",10
"DCE","fb","fb2704","纤维板2704","2026-04-16","2027-04-16",10
"DCE","fb","fb2705","纤维板2705","2026-05-20","2027-05-19",10
"DCE","fb","fb2706","纤维板2706","2026-06-15","2027-06-14",10
"DCE","fb","fb2707","纤维板2707","2026-07-15","2027-07-14",10
"DCE","fb","fb2708","纤维板2708","2026-08-17","2027-08-13",10
"DCE","fb","fb2709","纤维板2709","2026-09-15","2027-09-14",10
"DCE","i","i2610","铁矿石2610","2025-10-23","2026-10-21",100
"DCE","i","i2611","铁矿石2611","2025-11-17","2026-11-13",100
"DCE","i","i2612","铁矿石2612","2025-12-15","2026-12-14",100
"DCE","i","i2701","铁矿石2701","2026-01-19","2027-01-15",100
"DCE","i","i2702","铁矿石2702","2026-02-24","2027-02-12",100
"DCE","i","i2703","铁矿石2703","2026-03-16","2027-03-12",100
"DCE","i","i2704","铁矿石2704","2026-04-16","2027-04-16",100
"DCE","i","i2705","铁矿石2705","2026-05-20","2027-05-19",100
"DCE","i","i2706","铁矿石2706","2026-06-15","2027-06-14",100
"DCE","i","i2707","铁矿石2707","2026-07-15","2027-07-14",100
"DCE","i","i2708","铁矿石2708","2026-08-17","2027-08-13",100
"DCE","i","i2709","铁矿石2709","2026-09-15","2027-09-14",100
"DCE","j","j2610","焦炭2610","2025-10-23","2026-10-21",100
"DCE","j","j2611","焦炭2611","2025-11-17","2026-11-13",100
"DCE","j","j2612","焦炭2612","2025-12-15","2026-12-14",100
"DCE","j","j2701","焦炭2701","2026-01-19","2027-01-15",100
"DCE","j","j2702","焦炭2702","2026-02-24","2027-02-12",100
"DCE","j","j2703","焦炭2703","2026-03-16","2027-03-12",100
"DCE","j","j2704","焦炭2704","2026-04-16","2027-04-16",100
"DCE","j","j2705","焦炭2705","2026-05-20","2027-05-19",100
"DCE","j","j2706","焦炭2706","2026-06-15","2027-06-14",100
"DCE","j","j2707","焦炭2707","2026-07-15","2027-07-14",100
"DCE","j","j2708","焦炭2708","2026-08-17","2027-08-13",100
"DCE","j","j2709","焦炭2709","2026-09-15","2027-09-14",100
"DCE","jd","jd2609","鸡蛋2609","2025-09-26","2026-09-24",10
"DCE","jd","jd2610","鸡蛋2610","2025-10-29","2026-10-27",10
"DCE","jd","jd2611","鸡蛋2611","2025-11-26","2026-11-25",10
"DCE","jd","jd2612","鸡蛋2612","2025-12-29","2026-12-28",10
"DCE","jd","jd2701","鸡蛋2701","2026-01-28","2027-01-26",10
"DCE","jd","jd2702","鸡蛋2702","2026-02-25","2027-02-12",10
"DCE","jd","jd2703","鸡蛋2703","2026-03-27","2027-03-26",10
"DCE","jd","jd2704","鸡蛋2704","2026-04-28","2027-04-27",10
"DCE","jd","jd2705","鸡蛋2705","2026-05-27","2027-05-26",10
"DCE","jd","jd2706","鸡蛋2706","2026-06-26","2027-06-25",10
"DCE","jd","jd2707","鸡蛋2707","2026-07-29","2027-07-27",10
"DCE","jd","jd2708","鸡蛋2708","2026-08-27","2027-08-26",10
"DCE","jd","jd2709","鸡蛋2709","2026-09-28","2027-09-24",10
"DCE","jm","jm2610","焦煤2610","2025-10-23","2026-10-21",60
"DCE","jm","jm2611","焦煤2611","2025-11-17","2026-11-13",60
"DCE","jm","jm2612","焦煤2612","2025-12-15","2026-12-14",60
"DCE","jm","jm2701","焦煤2701","2026-01-19","2027-01-15",60
"DCE","jm","jm2702","焦煤2702","2026-02-24","2027-02-12",60
"DCE","jm","jm2703","焦煤2703","2026-03-16","2027-03-12",60
"DCE","jm","jm2704","焦煤2704","2026-04-16","2027-04-16",60
"DCE","jm","jm2705","焦煤2705","2026-05-20","2027-05-19",60
"DCE","jm","jm2706","焦煤2706","2026-06-15","2027-06-14",60
"DCE","jm","jm2707","焦煤2707","2026-07-15","2027-07-14",60
"DCE","jm","jm2708","焦煤2708","2026-08-17","2027-08-13",60
"DCE","jm","jm2709","焦煤2709","2026-09-15","2027-09-14",60
"DCE","l","l2610","聚乙烯2610","2025-10-23","2026-10-21",5
"DCE","l","l2611","聚乙烯2611","2025-11-17","2026-11-13",5
"DCE","l","l2612","聚乙烯2612","2025-12-15","2026-12-14",5
"DCE","l","l2701","聚乙烯2701","2026-01-19","2027-01-15",5
"DCE","l","l2702","聚乙烯2702","2026-02-24","2027-02-12",5
"DCE","l","l2703","聚乙烯2703","2026-03-16","2027-03-12",5
"DCE","l","l2704","聚乙烯2704","2026-04-16","2027-04-16",5
"DCE","l","l2705","聚乙烯2705","2026-05-20","2027-05-19",5
"DCE","l","l2706","聚乙烯2706","2026-06-15","2027-06-14",5
"DCE","l","l2707","聚乙烯2707","2026-07-15","2027-07-14",5
"DCE","l","l2708","聚乙烯2708","2026-08-17","2027-08-13",5
"DCE","l","l2709","聚乙烯2709","2026-09-15","2027-09-14",5
"DCE","l_f","l2610F","聚乙烯月均价2610","2026-04-01","2026-09-30",5
"DCE","l_f","l2611F","聚乙烯月均价2611","2026-05-06","2026-10-30",5
"DCE","l_f","l2612F","聚乙烯月均价2612","2026-06-01","2026-11-30",5
"DCE","l_f","l2701F","聚乙烯月均价2701","2026-07-01","2026-12-31",5
"DCE","l_f","l2702F","聚乙烯月均价2702","2026-08-03","2027-01-29",5
"DCE","l_f","l2703F","聚乙烯月均价2703","2026-09-01","2027-02-26",5
"DCE","lg","lg2609","原木2609","2025-09-26","2026-09-24",90
"DCE","lg","lg2611","原木2611","2025-11-26","2026-11-25",90
"DCE","lg","lg2701","原木2701","2026-01-28","2027-01-26",90
"DCE","lg","lg2703","原木2703","2026-03-27","2027-03-26",90
"DCE","lg","lg2705","原木2705","2026-05-27","2027-05-26",90
"DCE","lg","lg2707","原木2707","2026-07-29","2027-07-27",90
"DCE","lg","lg2709","原木2709","2026-09-28","2027-09-24",90
"DCE","lh","lh2609","生猪2609","2025-09-26","2026-09-24",16
"DCE","lh","lh2611","生猪2611","2025-11-26","2026-11-25",16
"DCE","lh","lh2701","生猪2701","2026-01-28","2027-01-26",16
"DCE","lh","lh2703","生猪2703","2026-03-27","2027-03-26",16
"DCE","lh","lh2705","生猪2705","2026-05-27","2027-05-26",16
"DCE","lh","lh2707","生猪2707","2026-07-29","2027-07-27",16
"DCE","lh","lh2709","生猪2709","2026-09-28","2027-09-24",16
"DCE","m","m2611","豆粕2611","2025-11-17","2026-11-13",10
"DCE","m","m2612","豆粕2612","2025-12-15","2026-12-14",10
"DCE","m","m2701","豆粕2701","2026-01-19","2027-01-15",10
"DCE","m","m2703","豆粕2703","2026-03-16","2027-03-12",10
"DCE","m","m2705","豆粕2705","2026-05-20","2027-05-19",10
"DCE","m","m2707","豆粕2707","2026-07-15","2027-07-14",10
"DCE","m","m2708","豆粕2708","2026-08-17","2027-08-13",10
"DCE","m","m2709","豆粕2709","2026-09-15","2027-09-14",10
"DCE","p","p2610","棕榈油2610","2025-10-23","2026-10-21",10
"DCE","p","p2611","棕榈油2611","2025-11-17","2026-11-13",10
"DCE","p","p2612","棕榈油2612","2025-12-15","2026-12-14",10
"DCE","p","p2701","棕榈油2701","2026-01-19","2027-01-15",10
"DCE","p","p2702","棕榈油2702","2026-02-24","2027-02-12",10
"DCE","p","p2703","棕榈油2703","2026-03-16","2027-03-12",10
"DCE","p","p2704","棕榈油2704","2026-04-16","2027-04-16",10
"DCE","p","p2705","棕榈油2705","2026-05-20","2027-05-19",10
"DCE","p","p2706","棕榈油2706","2026-06-15","2027-06-14",10
"DCE","p","p2707","棕榈油2707","2026-07-15","2027-07-14",10
"DCE","p","p2708","棕榈油2708","2026-08-17","2027-08-13",10
"DCE","p","p2709","棕榈油2709","2026-09-15","2027-09-14",10
"DCE","pg","pg2609","液化石油气2609","2025-09-26","2026-09-24",20
"DCE","pg","pg2610","液化石油气2610","2025-10-29","2026-10-27",20
"DCE","pg","pg2611","液化石油气2611","2025-11-26","2026-11-25",20
"DCE","pg","pg2612","液化石油气2612","2025-12-29","2026-12-28",20
"DCE","pg","pg2701","液化石油气2701","2026-01-28","2027-01-26",20
"DCE","pg","pg2702","液化石油气2702","2026-02-25","2027-02-12",20
"DCE","pg","pg2703","液化石油气2703","2026-03-27","2027-03-26",20
"DCE","pg","pg2704","液化石油气2704","2026-04-28","2027-04-27",20
"DCE","pg","pg2705","液化石油气2705","2026-05-27","2027-05-26",20
"DCE","pg","pg2706","液化石油气2706","2026-06-26","2027-06-25",20
"DCE","pg","pg2707","液化石油气2707","2026-07-29","2027-07-27",20
"DCE","pg","pg2708","液化石油气2708","2026-08-27","2027-08-26",20
"DCE","pg","pg2709","液化石油气2709","2026-09-28","2027-09-24",20
"DCE","pp","pp2610","聚丙烯2610","2025-10-23","2026-10-21",5
"DCE","pp","pp2611","聚丙烯2611","2025-11-17","2026-11-13",5
"DCE","pp","pp2612","聚丙烯2612","2025-12-15","2026-12-14",5
"DCE","pp","pp2701","聚丙烯2701","2026-01-19","2027-01-15",5
"DCE","pp","pp2702","聚丙烯2702","2026-02-24","2027-02-12",5
"DCE","pp","pp2703","聚丙烯2703","2026-03-16","2027-03-12",5
"DCE","pp","pp2704","聚丙烯2704","2026-04-16","2027-04-16",5
"DCE","pp","pp2705","聚丙烯2705","2026-05-20","2027-05-19",5
"DCE","pp","pp2706","聚丙烯2706","2026-06-15","2027-06-14",5
"DCE","pp","pp2707","聚丙烯2707","2026-07-15","2027-07-14",5
"DCE","pp","pp2708","聚丙烯2708","2026-08-17","2027-08-13",5
"DCE","pp","pp2709","聚丙烯2709","2026-09-15","2027-09-14",5
"DCE","pp_f","pp2610F","聚丙烯月均价2610","2026-04-01","2026-09-30",5
"DCE","pp_f","pp2611F","聚丙烯月均价2611","2026-05-06","2026-10-30",5
"DCE","pp_f","pp2612F","聚丙烯月均价2612","2026-06-01","2026-11-30",5
"DCE","pp_f","pp2701F","聚丙烯月均价2701","2026-07-01","2026-12-31",5
"DCE","pp_f","pp2702F","聚丙烯月均价2702","2026-08-03","2027-01-29",5
"DCE","pp_f","pp2703F","聚丙烯月均价2703","2026-09-01","2027-02-26",5
"DCE","rr","rr2610","粳米2610","2025-10-23","2026-10-21",10
"DCE","rr","rr2611","粳米2611","2025-11-17","2026-11-13",10
"DCE","rr","rr2612","粳米2612","2025-12-15","2026-12-14",10
"DCE","rr","rr2701","粳米2701","2026-01-19","2027-01-15",10
"DCE","rr","rr2702","粳米2702","2026-02-24","2027-02-12",10
"DCE","rr","rr2703","粳米2703","2026-03-16","2027-03-12",10
"DCE","rr","rr2704","粳米2704","2026-04-16","2027-04-16",10
"DCE","rr","rr2705","粳米2705","2026-05-20","2027-05-19",10
"DCE","rr","rr2706","粳米2706","2026-06-15","2027-06-14",10
"DCE","rr","rr2707","粳米2707","2026-07-15","2027-07-14",10
"DCE","rr","rr2708","粳米2708","2026-08-17","2027-08-13",10
"DCE","rr","rr2709","粳米2709","2026-09-15","2027-09-14",10
"DCE","v","v2610","聚氯乙烯2610","2025-10-23","2026-10-21",5
"DCE","v","v2611","聚氯乙烯2611","2025-11-17","2026-11-13",5
"DCE","v","v2612","聚氯乙烯2612","2025-12-15","2026-12-14",5
"DCE","v","v2701","聚氯乙烯2701","2026-01-19","2027-01-15",5
"DCE","v","v2702","聚氯乙烯2702","2026-02-24","2027-02-12",5
"DCE","v","v2703","聚氯乙烯2703","2026-03-16","2027-03-12",5
"DCE","v","v2704","聚氯乙烯2704","2026-04-16","2027-04-16",5
"DCE","v","v2705","聚氯乙烯2705","2026-05-20","2027-05-19",5
"DCE","v","v2706","聚氯乙烯2706","2026-06-15","2027-06-14",5
"DCE","v","v2707","聚氯乙烯2707","2026-07-15","2027-07-14",5
"DCE","v","v2708","聚氯乙烯2708","2026-08-17","2027-08-13",5
"DCE","v","v2709","聚氯乙烯2709","2026-09-15","2027-09-14",5
"DCE","v_f","v2610F","聚氯乙烯月均价2610","2026-04-01","2026-09-30",5
"DCE","v_f","v2611F","聚氯乙烯月均价2611","2026-05-06","2026-10-30",5
"DCE","v_f","v2612F","聚氯乙烯月均价2612","2026-06-01","2026-11-30",5
"DCE","v_f","v2701F","聚氯乙烯月均价2701","2026-07-01","2026-12-31",5
"DCE","v_f","v2702F","聚氯乙烯月均价2702","2026-08-03","2027-01-29",5
"DCE","v_f","v2703F","聚氯乙烯月均价2703","2026-09-01","2027-02-26",5
"DCE","y","y2611","豆油2611","2025-11-17","2026-11-13",10
"DCE","y","y2612","豆油2612","2025-12-15","2026-12-14",10
"DCE","y","y2701","豆油2701","2026-01-19","2027-01-15",10
"DCE","y","y2703","豆油2703","2026-03-16","2027-03-12",10
"DCE","y","y2705","豆油2705","2026-05-20","2027-05-19",10
"DCE","y","y2707","豆油2707","2026-07-15","2027-07-14",10
"DCE","y","y2708","豆油2708","2026-08-17","2027-08-13",10
"DCE","y","y2709","豆油2709","2026-09-15","2027-09-14",10
"GFEX","lc","lc2610","碳酸锂2610","2025-10-23","2026-10-21",1
"GFEX","lc","lc2611","碳酸锂2611","2025-11-17","2026-11-13",1
"GFEX","lc","lc2612","碳酸锂2612","2025-12-15","2026-12-14",1
"GFEX","lc","lc2701","碳酸锂2701","2026-01-19","2027-01-15",1
"GFEX","lc","lc2702","碳酸锂2702","2026-02-24","2027-02-12",1
"GFEX","lc","lc2703","碳酸锂2703","2026-03-16","2027-03-12",1
"GFEX","lc","lc2704","碳酸锂2704","2026-04-16","2027-04-16",1
"GFEX","lc","lc2705","碳酸锂2705","2026-05-20","2027-05-19",1
"GFEX","lc","lc2706","碳酸锂2706","2026-06-15","2027-06-14",1
"GFEX","lc","lc2707","碳酸锂2707","2026-07-15","2027-07-14",1
"GFEX","lc","lc2708","碳酸锂2708","2026-08-17","2027-08-13",1
"GFEX","lc","lc2709","碳酸锂2709","2026-09-15","2027-09-14",1
"GFEX","pd","pd2610","钯2610","2025-11-27","2026-10-21",1000
"GFEX","pd","pd2612","钯2612","2025-12-15","2026-12-14",1000
"GFEX","pd","pd2702","钯2702","2026-02-24","2027-02-12",1000
"GFEX","pd","pd2704","钯2704","2026-04-16","2027-04-16",1000
"GFEX","pd","pd2706","钯2706","2026-06-15","2027-06-14",1000
"GFEX","pd","pd2708","钯2708","2026-08-17","2027-08-13",1000
"GFEX","ps","ps2610","多晶硅2610","2025-10-23","2026-10-21",3
"GFEX","ps","ps2611","多晶硅2611","2025-11-17","2026-11-13",3
"GFEX","ps","ps2612","多晶硅2612","2025-12-15","2026-12-14",3
"GFEX","ps","ps2701","多晶硅2701","2026-01-19","2027-01-15",3
"GFEX","ps","ps2702","多晶硅2702","2026-02-24","2027-02-12",3
"GFEX","ps","ps2703","多晶硅2703","2026-03-16","2027-03-12",3
"GFEX","ps","ps2704","多晶硅2704","2026-04-16","2027-04-16",3
"GFEX","ps","ps2705","多晶硅2705","2026-05-20","2027-05-19",3
"GFEX","ps","ps2706","多晶硅2706","2026-06-15","2027-06-14",3
"GFEX","ps","ps2707","多晶硅2707","2026-07-15","2027-07-14",3
"GFEX","ps","ps2708","多晶硅2708","2026-08-17","2027-08-13",3
"GFEX","ps","ps2709","多晶硅2709","2026-09-15","2027-09-14",3
"GFEX","pt","pt2610","铂2610","2025-11-27","2026-10-21",1000
"GFEX","pt","pt2612","铂2612","2025-12-15","2026-12-14",1000
"GFEX","pt","pt2702","铂2702","2026-02-24","2027-02-12",1000
"GFEX","pt","pt2704","铂2704","2026-04-16","2027-04-16",1000
"GFEX","pt","pt2706","铂2706","2026-06-15","2027-06-14",1000
"GFEX","pt","pt2708","铂2708","2026-08-17","2027-08-13",1000
"GFEX","si","si2610","工业硅2610","2025-10-23","2026-10-21",5
"GFEX","si","si2611","工业硅2611","2025-11-17","2026-11-13",5
"GFEX","si","si2612","工业硅2612","2025-12-15","2026-12-14",5
"GFEX","si","si2701","工业硅2701","2026-01-19","2027-01-15",5
"GFEX","si","si2702","工业硅2702","2026-02-24","2027-02-12",5
"GFEX","si","si2703","工业硅2703","2026-03-16","2027-03-12",5
"GFEX","si","si2704","工业硅2704","2026-04-16","2027-04-16",5
"GFEX","si","si2705","工业硅2705","2026-05-20","2027-05-19",5
"GFEX","si","si2706","工业硅2706","2026-06-15","2027-06-14",5
"GFEX","si","si2707","工业硅2707","2026-07-15","2027-07-14",5
"GFEX","si","si2708","工业硅2708","2026-08-17","2027-08-13",5
"GFEX","si","si2709","工业硅2709","2026-09-15","2027-09-14",5
"INE","bc","bc2610","bc2610","2025-10-16","2026-10-15",5
"INE","bc","bc2611","bc2611","2025-11-18","2026-11-16",5
"INE","bc","bc2612","bc2612","2025-12-16","2026-12-15",5
"INE","bc","bc2701","bc2701","2026-01-16","2027-01-15",5
"INE","bc","bc2702","bc2702","2026-02-25","2027-02-15",5
"INE","bc","bc2703","bc2703","2026-03-17","2027-03-15",5
"INE","bc","bc2704","bc2704","2026-04-16","2027-04-15",5
"INE","bc","bc2705","bc2705","2026-05-18","2027-05-17",5
"INE","bc","bc2706","bc2706","2026-06-16","2027-06-15",5
"INE","bc","bc2707","bc2707","2026-07-16","2027-07-15",5
"INE","bc","bc2708","bc2708","2026-08-18","2027-08-16",5
"INE","bc","bc2709","bc2709","2026-09-16","2027-09-15",5
"INE","ec","ec2610","ec2610","2025-10-28","2026-10-26",50
"INE","ec","ec2612","ec2612","2025-12-30","2026-12-28",50
"INE","ec","ec2609","ec2609","2026-02-10","2026-09-28",50
"INE","ec","ec2703","ec2703","2026-03-31","2027-03-29",50
"INE","ec","ec2611","ec2611","2026-05-26","2026-11-30",50
"INE","ec","ec2706","ec2706","2026-06-30","2027-06-28",50
"INE","ec","ec2701","ec2701","2026-07-28","2027-01-25",50
"INE","lu","lu2610","lu2610","2025-10-09","2026-09-30",10
"INE","lu","lu2611","lu2611","2025-11-03","2026-10-30",10
"INE","lu","lu2612","lu2612","2025-12-01","2026-11-30",10
"INE","lu","lu2701","lu2701","2026-01-05","2026-12-31",10
"INE","lu","lu2702","lu2702","2026-02-02","2027-01-29",10
"INE","lu","lu2703","lu2703","2026-03-02","2027-02-26",10
"INE","lu","lu2704","lu2704","2026-04-01","2027-03-31",10
"INE","lu","lu2705","lu2705","2026-05-06","2027-04-30",10
"INE","lu","lu2706","lu2706","2026-06-01","2027-05-31",10
"INE","lu","lu2707","lu2707","2026-07-01","2027-06-30",10
"INE","lu","lu2708","lu2708","2026-08-03","2027-07-30",10
"INE","lu","lu2709","lu2709","2026-09-01","2027-08-31",10
"INE","nr","nr2610","nr2610","2025-10-16","2026-10-15",10
"INE","nr","nr2611","nr2611","2025-11-18","2026-11-16",10
"INE","nr","nr2612","nr2612","2025-12-16","2026-12-15",10
"INE","nr","nr2701","nr2701","2026-01-16","2027-01-15",10
"INE","nr","nr2702","nr2702","2026-02-25","2027-02-15",10
"INE","nr","nr2703","nr2703","2026-03-17","2027-03-15",10
"INE","nr","nr2704","nr2704","2026-04-16","2027-04-15",10
"INE","nr","nr2705","nr2705","2026-05-18","2027-05-17",10
"INE","nr","nr2706","nr2706","2026-06-16","2027-06-15",10
"INE","nr","nr2707","nr2707","2026-07-16","2027-07-15",10
"INE","nr","nr2708","nr2708","2026-08-18","2027-08-16",10
"INE","nr","nr2709","nr2709","2026-09-16","2027-09-15",10
"INE","sc","sc2612","sc2612","2023-12-01","2026-11-30",1000
"INE","sc","sc2703","sc2703","2024-03-01","2027-02-26",1000
"INE","sc","sc2706","sc2706","2024-06-03","2027-05-31",1000
"INE","sc","sc2709","sc2709","2024-09-02","2027-08-31",1000
"INE","sc","sc2712","sc2712","2024-12-02","2027-11-30",1000
"INE","sc","sc2803","sc2803","2025-03-03","2028-02-29",1000
"INE","sc","sc2806","sc2806","2025-06-03","2028-05-31",1000
"INE","sc","sc2809","sc2809","2025-09-01","2028-08-31",1000
"INE","sc","sc2610","sc2610","2025-10-09","2026-09-30",1000
"INE","sc","sc2611","sc2611","2025-11-03","2026-10-30",1000
"INE","sc","sc2812","sc2812","2025-12-01","2028-11-30",1000
"INE","sc","sc2701","sc2701","2026-01-05","2026-12-31",1000
"INE","sc","sc2702","sc2702","2026-02-02","2027-01-29",1000
"INE","sc","sc2903","sc2903","2026-03-02","2029-02-28",1000
"INE","sc","sc2704","sc2704","2026-04-01","2027-03-31",1000
"INE","sc","sc2705","sc2705","2026-05-06","2027-04-30",1000
"INE","sc","sc2906","sc2906","2026-06-01","2029-05-31",1000
"INE","sc","sc2707","sc2707","2026-07-01","2027-06-30",1000
"INE","sc","sc2708","sc2708","2026-08-03","2027-07-30",1000
"INE","sc","sc2909","sc2909","2026-09-01","2029-08-31",1000
"SHFE","ad","ad2610","ad2610","2025-10-16","2026-10-15",10
"SHFE","ad","ad2611","ad2611","2025-11-18","2026-11-16",10
"SHFE","ad","ad2612","ad2612","2025-12-16","2026-12-15",10
"SHFE","ad","ad2701","ad2701","2026-01-16","2027-01-15",10
"SHFE","ad","ad2702","ad2702","2026-02-25","2027-02-15",10
"SHFE","ad","ad2703","ad2703","2026-03-17","2027-03-15",10
"SHFE","ad","ad2704","ad2704","2026-04-16","2027-04-15",10
"SHFE","ad","ad2705","ad2705","2026-05-18","2027-05-17",10
"SHFE","ad","ad2706","ad2706","2026-06-16","2027-06-15",10
"SHFE","ad","ad2707","ad2707","2026-07-16","2027-07-15",10
"SHFE","ad","ad2708","ad2708","2026-08-18","2027-08-16",10
"SHFE","ad","ad2709","ad2709","2026-09-16","2027-09-15",10
"SHFE","ag","ag2610","ag2610","2025-10-16","2026-10-15",15
"SHFE","ag","ag2611","ag2611","2025-11-18","2026-11-16",15
"SHFE","ag","ag2612","ag2612","2025-12-16","2026-12-15",15
"SHFE","ag","ag2701","ag2701","2026-01-16","2027-01-15",15
"SHFE","ag","ag2702","ag2702","2026-02-25","2027-02-15",15
"SHFE","ag","ag2703","ag2703","2026-03-17","2027-03-15",15
"SHFE","ag","ag2704","ag2704","2026-04-16","2027-04-15",15
"SHFE","ag","ag2705","ag2705","2026-05-18","2027-05-17",15
"SHFE","ag","ag2706","ag2706","2026-06-16","2027-06-15",15
"SHFE","ag","ag2707","ag2707","2026-07-16","2027-07-15",15
"SHFE","ag","ag2708","ag2708","2026-08-18","2027-08-16",15
"SHFE","ag","ag2709","ag2709","2026-09-16","2027-09-15",15
"SHFE","al","al2610","al2610","2025-10-16","2026-10-15",5
"SHFE","al","al2611","al2611","2025-11-18","2026-11-16",5
"SHFE","al","al2612","al2612","2025-12-16","2026-12-15",5
"SHFE","al","al2701","al2701","2026-01-16","2027-01-15",5
"SHFE","al","al2702","al2702","2026-02-25","2027-02-15",5
"SHFE","al","al2703","al2703","2026-03-17","2027-03-15",5
"SHFE","al","al2704","al2704","2026-04-16","2027-04-15",5
"SHFE","al","al2705","al2705","2026-05-18","2027-05-17",5
"SHFE","al","al2706","al2706","2026-06-16","2027-06-15",5
"SHFE","al","al2707","al2707","2026-07-16","2027-07-15",5
"SHFE","al","al2708","al2708","2026-08-18","2027-08-16",5
"SHFE","al","al2709","al2709","2026-09-16","2027-09-15",5
"SHFE","ao","ao2610","ao2610","2025-10-16","2026-10-15",20
"SHFE","ao","ao2611","ao2611","2025-11-18","2026-11-16",20
"SHFE","ao","ao2612","ao2612","2025-12-16","2026-12-15",20
"SHFE","ao","ao2701","ao2701","2026-01-16","2027-01-15",20
"SHFE","ao","ao2702","ao2702","2026-02-25","2027-02-15",20
"SHFE","ao","ao2703","ao2703","2026-03-17","2027-03-15",20
"SHFE","ao","ao2704","ao2704","2026-04-16","2027-04-15",20
"SHFE","ao","ao2705","ao2705","2026-05-18","2027-05-17",20
"SHFE","ao","ao2706","ao2706","2026-06-16","2027-06-15",20
"SHFE","ao","ao2707","ao2707","2026-07-16","2027-07-15",20
"SHFE","ao","ao2708","ao2708","2026-08-18","2027-08-16",20
"SHFE","ao","ao2709","ao2709","2026-09-16","2027-09-15",20
"SHFE","au","au2610","au2610","2025-09-16","2026-10-15",1000
"SHFE","au","au2612","au2612","2025-11-18","2026-12-15",1000
"SHFE","au","au2702","au2702","2026-01-16","2027-02-15",1000
"SHFE","au","au2704","au2704","2026-03-17","2027-04-15",1000
"SHFE","au","au2706","au2706","2026-05-18","2027-06-15",1000
"SHFE","au","au2708","au2708","2026-07-16","2027-08-16",1000
"SHFE","au","au2611","au2611","2026-08-18","2026-11-16",1000
"SHFE","au","au2710","au2710","2026-09-16","2027-10-15",1000
"SHFE","br","br2610","br2610","2025-10-16","2026-10-15",5
"SHFE","br","br2611","br2611","2025-11-18","2026-11-16",5
"SHFE","br","br2612","br2612","2025-12-16","2026-12-15",5
"SHFE","br","br2701","br2701","2026-01-16","2027-01-15",5
"SHFE","br","br2702","br2702","2026-02-25","2027-02-15",5
"SHFE","br","br2703","br2703","2026-03-17","2027-03-15",5
"SHFE","br","br2704","br2704","2026-04-16","2027-04-15",5
"SHFE","br","br2705","br2705","2026-05-18","2027-05-17",5
"SHFE","br","br2706","br2706","2026-06-16","2027-06-15",5
"SHFE","br","br2707","br2707","2026-07-16","2027-07-15",5
"SHFE","br","br2708","br2708","2026-08-18","2027-08-16",5
"SHFE","br","br2709","br2709","2026-09-16","2027-09-15",5
"SHFE","bu","bu2612","bu2612","2024-12-17","2026-12-15",10
"SHFE","bu","bu2703","bu2703","2025-03-18","2027-03-15",10
"SHFE","bu","bu2706","bu2706","2025-06-17","2027-06-15",10
"SHFE","bu","bu2709","bu2709","2025-09-16","2027-09-15",10
"SHFE","bu","bu2610","bu2610","2025-10-16","2026-10-15",10
"SHFE","bu","bu2611","bu2611","2025-11-18","2026-11-16",10
"SHFE","bu","bu2712","bu2712","2025-12-16","2027-12-15",10
"SHFE","bu","bu2701","bu2701","2026-01-16","2027-01-15",10
"SHFE","bu","bu2702","bu2702","2026-02-25","2027-02-15",10
"SHFE","bu","bu2803","bu2803","2026-03-17","2028-03-15",10
"SHFE","bu","bu2704","bu2704","2026-04-16","2027-04-15",10
"SHFE","bu","bu2705","bu2705","2026-05-18","2027-05-17",10
"SHFE","bu","bu2806","bu2806","2026-06-16","2028-06-15",10
"SHFE","bu","bu2707","bu2707","2026-07-16","2027-07-15",10
"SHFE","bu","bu2708","bu2708","2026-08-18","2027-08-16",10
"SHFE","bu","bu2809","bu2809","2026-09-16","2028-09-15",10
"SHFE","cu","cu2610","cu2610","2025-10-16","2026-10-15",5
"SHFE","cu","cu2611","cu2611","2025-11-18","2026-11-16",5
"SHFE","cu","cu2612","cu2612","2025-12-16","2026-12-15",5
"SHFE","cu","cu2701","cu2701","2026-01-16","2027-01-15",5
"SHFE","cu","cu2702","cu2702","2026-02-25","2027-02-15",5
"SHFE","cu","cu2703","cu2703","2026-03-17","2027-03-15",5
"SHFE","cu","cu2704","cu2704","2026-04-16","2027-04-15",5
"SHFE","cu","cu2705","cu2705","2026-05-18","2027-05-17",5
"SHFE","cu","cu2706","cu2706","2026-06-16","2027-06-15",5
"SHFE","cu","cu2707","cu2707","2026-07-16","2027-07-15",5
"SHFE","cu","cu2708","cu2708","2026-08-18","2027-08-16",5
"SHFE","cu","cu2709","cu2709","2026-09-16","2027-09-15",5
"SHFE","fu","fu2610","fu2610","2025-10-09","2026-09-30",10
"SHFE","fu","fu2611","fu2611","2025-11-03","2026-10-30",10
"SHFE","fu","fu2612","fu2612","2025-12-01","2026-11-30",10
"SHFE","fu","fu2701","fu2701","2026-01-05","2026-12-31",10
"SHFE","fu","fu2702","fu2702","2026-02-02","2027-01-29",10
"SHFE","fu","fu2703","fu2703","2026-03-02","2027-02-26",10
"SHFE","fu","fu2704","fu2704","2026-04-01","2027-03-31",10
"SHFE","fu","fu2705","fu2705","2026-05-06","2027-04-30",10
"SHFE","fu","fu2706","fu2706","2026-06-01","2027-05-31",10
"SHFE","fu","fu2707","fu2707","2026-07-01","2027-06-30",10
"SHFE","fu","fu2708","fu2708","2026-08-03","2027-07-30",10
"SHFE","fu","fu2709","fu2709","2026-09-01","2027-08-31",10
"SHFE","hc","hc2610","hc2610","2025-10-16","2026-10-15",10
"SHFE","hc","hc2611","hc2611","2025-11-18","2026-11-16",10
"SHFE","hc","hc2612","hc2612","2025-12-16","2026-12-15",10
"SHFE","hc","hc2701","hc2701","2026-01-16","2027-01-15",10
"SHFE","hc","hc2702","hc2702","2026-02-25","2027-02-15",10
"SHFE","hc","hc2703","hc2703","2026-03-17","2027-03-15",10
"SHFE","hc","hc2704","hc2704","2026-04-16","2027-04-15",10
"SHFE","hc","hc2705","hc2705","2026-05-18","2027-05-17",10
"SHFE","hc","hc2706","hc2706","2026-06-16","2027-06-15",10
"SHFE","hc","hc2707","hc2707","2026-07-16","2027-07-15",10
"SHFE","hc","hc2708","hc2708","2026-08-18","2027-08-16",10
"SHFE","hc","hc2709","hc2709","2026-09-16","2027-09-15",10
"SHFE","ni","ni2610","ni2610","2025-10-16","2026-10-15",1
"SHFE","ni","ni2611","ni2611","2025-11-18","2026-11-16",1
"SHFE","ni","ni2612","ni2612","2025-12-16","2026-12-15",1
"SHFE","ni","ni2701","ni2701","2026-01-16","2027-01-15",1
"SHFE","ni","ni2702","ni2702","2026-02-25","2027-02-15",1
"SHFE","ni","ni2703","ni2703","2026-03-17","2027-03-15",1
"SHFE","ni","ni2704","ni2704","2026-04-16","2027-04-15",1
"SHFE","ni","ni2705","ni2705","2026-05-18","2027-05-17",1
"SHFE","ni","ni2706","ni2706","2026-06-16","2027-06-15",1
"SHFE","ni","ni2707","ni2707","2026-07-16","2027-07-15",1
"SHFE","ni","ni2708","ni2708","2026-08-18","2027-08-16",1
"SHFE","ni","ni2709","ni2709","2026-09-16","2027-09-15",1
"SHFE","op","op2610","op2610","2025-10-16","2026-10-15",40
"SHFE","op","op2611","op2611","2025-11-18","2026-11-16",40
"SHFE","op","op2612","op2612","2025-12-16","2026-12-15",40
"SHFE","op","op2701","op2701","2026-01-16","2027-01-15",40
"SHFE","op","op2702","op2702","2026-02-25","2027-02-15",40
"SHFE","op","op2703","op2703","2026-03-17","2027-03-15",40
"SHFE","op","op2704","op2704","2026-04-16","2027-04-15",40
"SHFE","op","op2705","op2705","2026-05-18","2027-05-17",40
"SHFE","op","op2706","op2706","2026-06-16","2027-06-15",40
"SHFE","op","op2707","op2707","2026-07-16","2027-07-15",40
"SHFE","op","op2708","op2708","2026-08-18","2027-08-16",40
"SHFE","op","op2709","op2709","2026-09-16","2027-09-15",40
"SHFE","pb","pb2610","pb2610","2025-10-16","2026-10-15",5
"SHFE","pb","pb2611","pb2611","2025-11-18","2026-11-16",5
"SHFE","pb","pb2612","pb2612","2025-12-16","2026-12-15",5
"SHFE","pb","pb2701","pb2701","2026-01-16","2027-01-15",5
"SHFE","pb","pb2702","pb2702","2026-02-25","2027-02-15",5
"SHFE","pb","pb2703","pb2703","2026-03-17","2027-03-15",5
"SHFE","pb","pb2704","pb2704","2026-04-16","2027-04-15",5
"SHFE","pb","pb2705","pb2705","2026-05-18","2027-05-17",5
"SHFE","pb","pb2706","pb2706","2026-06-16","2027-06-15",5
"SHFE","pb","pb2707","pb2707","2026-07-16","2027-07-15",5
"SHFE","pb","pb2708","pb2708","2026-08-18","2027-08-16",5
"SHFE","pb","pb2709","pb2709","2026-09-16","2027-09-15",5
"SHFE","rb","rb2610","rb2610","2025-10-16","2026-10-15",10
"SHFE","rb","rb2611","rb2611","2025-11-18","2026-11-16",10
"SHFE","rb","rb2612","rb2612","2025-12-16","2026-12-15",10
"SHFE","rb","rb2701","rb2701","2026-01-16","2027-01-15",10
"SHFE","rb","rb2702","rb2702","2026-02-25","2027-02-15",10
"SHFE","rb","rb2703","rb2703","2026-03-17","2027-03-15",10
"SHFE","rb","rb2704","rb2704","2026-04-16","2027-04-15",10
"SHFE","rb","rb2705","rb2705","2026-05-18","2027-05-17",10
"SHFE","rb","rb2706","rb2706","2026-06-16","2027-06-15",10
"SHFE","rb","rb2707","rb2707","2026-07-16","2027-07-15",10
"SHFE","rb","rb2708","rb2708","2026-08-18","2027-08-16",10
"SHFE","rb","rb2709","rb2709","2026-09-16","2027-09-15",10
"SHFE","ru","ru2610","ru2610","2025-10-16","2026-10-15",10
"SHFE","ru","ru2611","ru2611","2025-11-18","2026-11-16",10
"SHFE","ru","ru2701","ru2701","2026-01-16","2027-01-15",10
"SHFE","ru","ru2703","ru2703","2026-03-17","2027-03-15",10
"SHFE","ru","ru2704","ru2704","2026-04-16","2027-04-15",10
"SHFE","ru","ru2705","ru2705","2026-05-18","2027-05-17",10
"SHFE","ru","ru2706","ru2706","2026-06-16","2027-06-15",10
"SHFE","ru","ru2707","ru2707","2026-07-16","2027-07-15",10
"SHFE","ru","ru2708","ru2708","2026-08-18","2027-08-16",10
"SHFE","ru","ru2709","ru2709","2026-09-16","2027-09-15",10
"SHFE","sn","sn2610","sn2610","2025-10-16","2026-10-15",1
"SHFE","sn","sn2611","sn2611","2025-11-18","2026-11-16",1
"SHFE","sn","sn2612","sn2612","2025-12-16","2026-12-15",1
"SHFE","sn","sn2701","sn2701","2026-01-16","2027-01-15",1
"SHFE","sn","sn2702","sn2702","2026-02-25","2027-02-15",1
"SHFE","sn","sn2703","sn2703","2026-03-17","2027-03-15",1
"SHFE","sn","sn2704","sn2704","2026-04-16","2027-04-15",1
"SHFE","sn","sn2705","sn2705","2026-05-18","2027-05-17",1
"SHFE","sn","sn2706","sn2706","2026-06-16","2027-06-15",1
"SHFE","sn","sn2707","sn2707","2026-07-16","2027-07-15",1
"SHFE","sn","sn2708","sn2708","2026-08-18","2027-08-16",1
"SHFE","sn","sn2709","sn2709","2026-09-16","2027-09-15",1
"SHFE","sp","sp2610","sp2610","2025-10-16","2026-10-15",10
"SHFE","sp","sp2611","sp2611","2025-11-18","2026-11-16",10
"SHFE","sp","sp2612","sp2612","2025-12-16","2026-12-15",10
"SHFE","sp","sp2701","sp2701","2026-01-16","2027-01-15",10
"SHFE","sp","sp2702","sp2702","2026-02-25","2027-02-15",10
"SHFE","sp","sp2703","sp2703","2026-03-17","2027-03-15",10
"SHFE","sp","sp2704","sp2704","2026-04-16","2027-04-15",10
"SHFE","sp","sp2705","sp2705","2026-05-18","2027-05-17",10
"SHFE","sp","sp2706","sp2706","2026-06-16","2027-06-15",10
"SHFE","sp","sp2707","sp2707","2026-07-16","2027-07-15",10
"SHFE","sp","sp2708","sp2708","2026-08-18","2027-08-16",10
"SHFE","sp","sp2709","sp2709","2026-09-16","2027-09-15",10
"SHFE","ss","ss2610","ss2610","2025-10-16","2026-10-15",5
"SHFE","ss","ss2611","ss2611","2025-11-18","2026-11-16",5
"SHFE","ss","ss2612","ss2612","2025-12-16","2026-12-15",5
"SHFE","ss","ss2701","ss2701","2026-01-16","2027-01-15",5
"SHFE","ss","ss2702","ss2702","2026-02-25","2027-02-15",5
"SHFE","ss","ss2703","ss2703","2026-03-17","2027-03-15",5
"SHFE","ss","ss2704","ss2704","2026-04-16","2027-04-15",5
"SHFE","ss","ss2705","ss2705","2026-05-18","2027-05-17",5
"SHFE","ss","ss2706","ss2706","2026-06-16","2027-06-15",5
"SHFE","ss","ss2707","ss2707","2026-07-16","2027-07-15",5
"SHFE","ss","ss2708","ss2708","2026-08-18","2027-08-16",5
"SHFE","ss","ss2709","ss2709","2026-09-16","2027-09-15",5
"SHFE","wr","wr2610","wr2610","2025-10-16","2026-10-15",10
"SHFE","wr","wr2611","wr2611","2025-11-18","2026-11-16",10
"SHFE","wr","wr2612","wr2612","2025-12-16","2026-12-15",10
"SHFE","wr","wr2701","wr2701","2026-01-16","2027-01-15",10
"SHFE","wr","wr2702","wr2702","2026-02-25","2027-02-15",10
"SHFE","wr","wr2703","wr2703","2026-03-17","2027-03-15",10
"SHFE","wr","wr2704","wr2704","2026-04-16","2027-04-15",10
"SHFE","wr","wr2705","wr2705","2026-05-18","2027-05-17",10
"SHFE","wr","wr2706","wr2706","2026-06-16","2027-06-15",10
"SHFE","wr","wr2707","wr2707","2026-07-16","2027-07-15",10
"SHFE","wr","wr2708","wr2708","2026-08-18","2027-08-16",10
"SHFE","wr","wr2709","wr2709","2026-09-16","2027-09-15",10
"SHFE","zn","zn2610","zn2610","2025-10-16","2026-10-15",5
"SHFE","zn","zn2611","zn2611","2025-11-18","2026-11-16",5
"SHFE","zn","zn2612","zn2612","2025-12-16","2026-12-15",5
"SHFE","zn","zn2701","zn2701","2026-01-16","2027-01-15",5
"SHFE","zn","zn2702","zn2702","2026-02-25","2027-02-15",5
"SHFE","zn","zn2703","zn2703","2026-03-17","2027-03-15",5
"SHFE","zn","zn2704","zn2704","2026-04-16","2027-04-15",5
"SHFE","zn","zn2705","zn2705","2026-05-18","2027-05-17",5
"SHFE","zn","zn2706","zn2706","2026-06-16","2027-06-15",5
"SHFE","zn","zn2707","zn2707","2026-07-16","2027-07-15",5
"SHFE","zn","zn2708","zn2708","2026-08-18","2027-08-16",5
"SHFE","zn","zn2709","zn2709","2026-09-16","2027-09-15",5
